model,cv_macro_f1_mean,cv_macro_f1_std
Extra Trees,0.8152288140864833,0.024336735691433097
Random Forest,0.8013012830245378,0.013469853547451551
Logistic Regression,0.7147655728512674,0.03929085807720467
KNN,0.3586929336327684,0.036390157856726606
Baseline,0.03035409035409035,0.00016449564817225192
